scenario,baseline,metric,n,gain_mean,gain_sd,ci95,wins,ties,losses
calm,greedy_order,value_ratio,30,0.0151,0.0508,0.0182,4,26,0
calm,greedy_order,sights_lost,30,0.1,0.5477,0.196,1,29,0
calm,greedy_order,agent_runs,30,0.0,0.5252,0.1879,1,28,1
calm,greedy_order,travel_hours,30,0.0,0.0,0.0,0,30,0
calm,greedy_schedule,value_ratio,30,0.312,0.1398,0.05,29,1,0
calm,greedy_schedule,sights_lost,30,-0.2,0.5509,0.1971,0,26,4
calm,greedy_schedule,agent_runs,30,-0.4333,1.1651,0.4169,1,23,6
calm,greedy_schedule,travel_hours,30,0.0,0.0,0.0,0,30,0
calm,restart,value_ratio,30,0.0,0.0,0.0,0,30,0
calm,restart,sights_lost,30,0.0,0.0,0.0,0,30,0
calm,restart,agent_runs,30,1.5333,1.776,0.6355,17,13,0
calm,restart,travel_hours,30,0.0,0.0,0.0,0,30,0
calm,static,value_ratio,30,0.0537,0.0842,0.0301,12,18,0
calm,static,sights_lost,30,0.7,1.0554,0.3777,14,16,0
calm,static,agent_runs,30,-1.6333,1.6291,0.583,0,13,17
calm,static,travel_hours,30,0.0,0.0,0.0,0,30,0
monsoon,greedy_order,value_ratio,30,0.0198,0.0601,0.0215,6,22,2
monsoon,greedy_order,sights_lost,30,0.0,0.0,0.0,0,30,0
monsoon,greedy_order,agent_runs,30,-0.0667,0.6397,0.2289,1,27,2
monsoon,greedy_order,travel_hours,30,0.0,0.0,0.0,0,30,0
monsoon,greedy_schedule,value_ratio,30,0.2809,0.1414,0.0506,30,0,0
monsoon,greedy_schedule,sights_lost,30,-0.0333,0.1826,0.0653,0,29,1
monsoon,greedy_schedule,agent_runs,30,-0.2,1.0954,0.392,3,21,6
monsoon,greedy_schedule,travel_hours,30,0.0,0.0,0.0,0,30,0
monsoon,restart,value_ratio,30,0.0,0.0,0.0,0,30,0
monsoon,restart,sights_lost,30,0.0,0.0,0.0,0,30,0
monsoon,restart,agent_runs,30,2.4333,1.6121,0.5769,23,7,0
monsoon,restart,travel_hours,30,0.0,0.0,0.0,0,30,0
monsoon,static,value_ratio,30,0.0612,0.0793,0.0284,16,14,0
monsoon,static,sights_lost,30,1.8667,2.1613,0.7734,23,7,0
monsoon,static,agent_runs,30,-1.7333,1.1427,0.4089,0,7,23
monsoon,static,travel_hours,30,0.0,0.0,0.0,0,30,0
closures,greedy_order,value_ratio,30,0.0221,0.0698,0.025,5,24,1
closures,greedy_order,sights_lost,30,0.0,0.0,0.0,0,30,0
closures,greedy_order,agent_runs,30,0.1333,0.4342,0.1554,3,27,0
closures,greedy_order,travel_hours,30,0.0,0.0,0.0,0,30,0
closures,greedy_schedule,value_ratio,30,0.2633,0.1209,0.0433,28,2,0
closures,greedy_schedule,sights_lost,30,-0.0333,0.1826,0.0653,0,29,1
closures,greedy_schedule,agent_runs,30,-0.0667,1.3629,0.4877,5,18,7
closures,greedy_schedule,travel_hours,30,0.0,0.0,0.0,0,30,0
closures,restart,value_ratio,30,0.0,0.0,0.0,0,30,0
closures,restart,sights_lost,30,0.0,0.0,0.0,0,30,0
closures,restart,agent_runs,30,4.7333,2.3034,0.8243,30,0,0
closures,restart,travel_hours,30,0.0,0.0,0.0,0,30,0
closures,static,value_ratio,30,0.1963,0.1473,0.0527,29,1,0
closures,static,sights_lost,30,2.9,1.2959,0.4637,30,0,0
closures,static,agent_runs,30,-3.6,1.8308,0.6551,0,0,30
closures,static,travel_hours,30,0.0,0.0,0.0,0,30,0
strikes,greedy_order,value_ratio,30,0.028,0.1586,0.0568,8,18,4
strikes,greedy_order,sights_lost,30,0.1333,1.776,0.6355,7,19,4
strikes,greedy_order,agent_runs,30,1.2333,2.2846,0.8175,7,23,0
strikes,greedy_order,travel_hours,30,0.0,0.0743,0.0266,2,26,2
strikes,greedy_schedule,value_ratio,30,0.2353,0.1186,0.0424,29,0,1
strikes,greedy_schedule,sights_lost,30,-0.6333,1.4499,0.5189,4,13,13
strikes,greedy_schedule,agent_runs,30,-1.4,3.2228,1.1533,0,25,5
strikes,greedy_schedule,travel_hours,30,-0.24,0.5975,0.2138,0,25,5
strikes,restart,value_ratio,30,0.0329,0.096,0.0344,5,24,1
strikes,restart,sights_lost,30,0.3667,0.9994,0.3576,5,24,1
strikes,restart,agent_runs,30,2.4,2.634,0.9426,30,0,0
strikes,restart,travel_hours,30,-0.06,1.1909,0.4262,1,24,5
strikes,static,value_ratio,30,0.1149,0.1418,0.0507,20,8,2
strikes,static,sights_lost,30,1.5,1.8523,0.6628,19,9,2
strikes,static,agent_runs,30,-5.9333,3.6097,1.2917,0,0,30
strikes,static,travel_hours,30,-0.1,1.16,0.4151,1,19,10
budget_cut,greedy_order,value_ratio,30,0.001,0.034,0.0122,1,28,1
budget_cut,greedy_order,sights_lost,30,0.0,0.0,0.0,0,30,0
budget_cut,greedy_order,agent_runs,30,0.0667,0.3651,0.1307,1,29,0
budget_cut,greedy_order,travel_hours,30,0.0,0.0,0.0,0,30,0
budget_cut,greedy_schedule,value_ratio,30,0.2772,0.0904,0.0323,30,0,0
budget_cut,greedy_schedule,sights_lost,30,-0.1,0.4026,0.1441,0,28,2
budget_cut,greedy_schedule,agent_runs,30,-0.3333,1.1842,0.4238,2,22,6
budget_cut,greedy_schedule,travel_hours,30,0.0,0.0,0.0,0,30,0
budget_cut,restart,value_ratio,30,-0.0074,0.0305,0.0109,0,28,2
budget_cut,restart,sights_lost,30,0.0,0.0,0.0,0,30,0
budget_cut,restart,agent_runs,30,3.7333,1.8742,0.6707,30,0,0
budget_cut,restart,travel_hours,30,0.0,0.0,0.0,0,30,0
budget_cut,static,value_ratio,30,0.2373,0.1066,0.0382,30,0,0
budget_cut,static,sights_lost,30,0.4667,0.5713,0.2045,13,17,0
budget_cut,static,agent_runs,30,-4.6,1.6103,0.5762,0,0,30
budget_cut,static,travel_hours,30,0.0,0.0,0.0,0,30,0
scale_3,greedy_order,value_ratio,30,-0.0067,0.1353,0.0484,6,16,8
scale_3,greedy_order,sights_lost,30,0.0333,0.1826,0.0653,1,29,0
scale_3,greedy_order,agent_runs,30,-0.1333,1.1666,0.4175,2,23,5
scale_3,greedy_order,travel_hours,30,0.0,0.0,0.0,0,30,0
scale_3,greedy_schedule,value_ratio,30,0.3308,0.1638,0.0586,28,1,1
scale_3,greedy_schedule,sights_lost,30,-0.3,0.7022,0.2513,0,25,5
scale_3,greedy_schedule,agent_runs,30,-0.5333,1.0417,0.3728,1,20,9
scale_3,greedy_schedule,travel_hours,30,0.0,0.0,0.0,0,30,0
scale_3,restart,value_ratio,30,0.0,0.0,0.0,0,30,0
scale_3,restart,sights_lost,30,0.0,0.0,0.0,0,30,0
scale_3,restart,agent_runs,30,2.0,1.3646,0.4883,23,7,0
scale_3,restart,travel_hours,30,0.0,0.0,0.0,0,30,0
scale_3,static,value_ratio,30,0.0672,0.1239,0.0443,12,17,1
scale_3,static,sights_lost,30,1.2667,1.2847,0.4597,21,9,0
scale_3,static,agent_runs,30,-2.0,1.4856,0.5316,0,7,23
scale_3,static,travel_hours,30,-0.0067,0.0365,0.0131,0,29,1
scale_5,greedy_order,value_ratio,30,0.0177,0.0422,0.0151,5,25,0
scale_5,greedy_order,sights_lost,30,0.0,0.0,0.0,0,30,0
scale_5,greedy_order,agent_runs,30,0.1,0.5477,0.196,2,27,1
scale_5,greedy_order,travel_hours,30,0.0,0.0,0.0,0,30,0
scale_5,greedy_schedule,value_ratio,30,0.2995,0.1235,0.0442,29,1,0
scale_5,greedy_schedule,sights_lost,30,-0.3,0.7944,0.2843,0,26,4
scale_5,greedy_schedule,agent_runs,30,-0.3,0.7944,0.2843,1,24,5
scale_5,greedy_schedule,travel_hours,30,0.0,0.0,0.0,0,30,0
scale_5,restart,value_ratio,30,0.0,0.0,0.0,0,30,0
scale_5,restart,sights_lost,30,0.0,0.0,0.0,0,30,0
scale_5,restart,agent_runs,30,1.9,1.3481,0.4824,22,8,0
scale_5,restart,travel_hours,30,0.0,0.0,0.0,0,30,0
scale_5,static,value_ratio,30,0.0579,0.0825,0.0295,15,15,0
scale_5,static,sights_lost,30,1.0667,1.1725,0.4196,19,11,0
scale_5,static,agent_runs,30,-1.7667,1.278,0.4573,0,8,22
scale_5,static,travel_hours,30,0.0,0.0,0.0,0,30,0
scale_8,greedy_order,value_ratio,30,0.0,0.0,0.0,0,30,0
scale_8,greedy_order,sights_lost,30,0.0,0.0,0.0,0,30,0
scale_8,greedy_order,agent_runs,30,0.0,0.0,0.0,0,30,0
scale_8,greedy_order,travel_hours,30,0.0,0.0,0.0,0,30,0
scale_8,greedy_schedule,value_ratio,30,0.282,0.1091,0.039,30,0,0
scale_8,greedy_schedule,sights_lost,30,-0.2333,0.5683,0.2034,0,25,5
scale_8,greedy_schedule,agent_runs,30,2.3667,5.5924,2.0012,6,22,2
scale_8,greedy_schedule,travel_hours,30,0.4933,1.4962,0.5354,4,26,0
scale_8,restart,value_ratio,30,0.0,0.0,0.0,0,30,0
scale_8,restart,sights_lost,30,0.0,0.0,0.0,0,30,0
scale_8,restart,agent_runs,30,3.2667,3.237,1.1583,27,3,0
scale_8,restart,travel_hours,30,0.0,0.0,0.0,0,30,0
scale_8,static,value_ratio,30,0.1768,0.2002,0.0716,24,6,0
scale_8,static,sights_lost,30,1.8,1.5625,0.5591,23,7,0
scale_8,static,agent_runs,30,-2.9,1.5166,0.5427,0,3,27
scale_8,static,travel_hours,30,-0.02,0.061,0.0218,0,27,3
scale_12,greedy_order,value_ratio,30,-0.0249,0.096,0.0344,2,23,5
scale_12,greedy_order,sights_lost,30,-0.2,1.3493,0.4829,2,25,3
scale_12,greedy_order,agent_runs,30,-0.0333,2.1573,0.772,2,24,4
scale_12,greedy_order,travel_hours,30,0.17,1.5884,0.5684,2,27,1
scale_12,greedy_schedule,value_ratio,30,0.2202,0.093,0.0333,29,0,1
scale_12,greedy_schedule,sights_lost,30,-0.5,1.0086,0.3609,0,23,7
scale_12,greedy_schedule,agent_runs,30,-0.7333,2.6253,0.9394,4,15,11
scale_12,greedy_schedule,travel_hours,30,-0.3033,1.0453,0.3741,0,27,3
scale_12,restart,value_ratio,30,0.0919,0.1599,0.0572,13,16,1
scale_12,restart,sights_lost,30,-0.0667,0.3651,0.1307,0,29,1
scale_12,restart,agent_runs,30,3.5667,3.0021,1.0743,29,0,1
scale_12,restart,travel_hours,30,0.6367,1.7004,0.6085,11,17,2
scale_12,static,value_ratio,30,0.1958,0.1711,0.0612,28,2,0
scale_12,static,sights_lost,30,2.8667,2.2854,0.8178,28,1,1
scale_12,static,agent_runs,30,-6.9333,4.0932,1.4647,0,0,30
scale_12,static,travel_hours,30,0.6233,1.7063,0.6106,11,15,4
