scenario,strategy,runs,value_ratio_mean,value_ratio_sd,sights_lost_mean,sights_lost_sd,lost_travel_days_mean,lost_travel_days_sd,travel_hours_mean,travel_hours_sd,agent_runs_mean,agent_runs_sd,messages_mean,messages_sd,field_checks_mean,field_checks_sd,over_budget_pct_mean,over_budget_pct_sd,wall_ms_mean,wall_ms_sd,valid_pct
calm,full,30,0.9655,0.0847,0.2667,0.6915,0.1667,0.379,5.5733,1.3958,7.6333,1.6291,10.2667,2.1961,20.7,2.9729,0.0,0.0,3.1567,2.6165,83.3
calm,greedy_order,30,0.9504,0.0998,0.3667,0.8503,0.2,0.4068,5.5733,1.3958,7.6333,1.6291,10.2333,2.1445,20.4,2.5542,0.0,0.0,3.0667,4.5172,80.0
calm,greedy_schedule,30,0.6535,0.1468,0.0667,0.2537,0.1667,0.379,5.5733,1.3958,7.2,1.6274,9.6333,2.1573,15.6333,1.8286,0.0,0.0,1.5167,0.4078,83.3
calm,restart,30,0.9655,0.0847,0.2667,0.6915,0.1667,0.379,5.5733,1.3958,9.1667,3.0747,11.8,3.6897,20.7,2.9729,0.0,0.0,3.4067,2.7858,83.3
calm,static,30,0.9118,0.1193,0.9667,1.3257,0.1667,0.379,5.5733,1.3958,6.0,0.0,7.0,0.0,0.0,0.0,0.0207,0.1132,2.09,1.2502,96.7
monsoon,full,30,0.8847,0.188,0.0667,0.3651,0.0333,0.1826,5.5467,1.5314,7.7333,1.1427,10.5667,1.6543,20.6667,3.3562,0.0,0.0,3.3,2.7697,96.7
monsoon,greedy_order,30,0.8649,0.1915,0.0667,0.3651,0.0333,0.1826,5.5467,1.5314,7.6667,1.0613,10.4667,1.5253,20.3,2.7935,0.0,0.0,2.3833,1.437,96.7
monsoon,greedy_schedule,30,0.6037,0.1662,0.0333,0.1826,0.0333,0.1826,5.5467,1.5314,7.5333,1.1366,10.2667,1.6386,16.1,2.3686,0.0,0.0,1.6367,0.37,96.7
monsoon,restart,30,0.8847,0.188,0.0667,0.3651,0.0333,0.1826,5.5467,1.5314,10.1667,2.6533,13.0,3.184,20.6667,3.3562,0.0,0.0,3.74,2.8719,96.7
monsoon,static,30,0.8235,0.2022,1.9333,2.1645,0.0333,0.1826,5.5467,1.5314,6.0,0.0,7.0,0.0,0.0,0.0,0.0,0.0,1.9767,1.2484,100.0
closures,full,30,0.908,0.12,0.0667,0.2537,0.0667,0.2537,5.7233,1.5451,9.6,1.8308,13.2667,2.5316,23.0333,3.2851,0.0,0.0,4.2567,3.0317,93.3
closures,greedy_order,30,0.8858,0.1325,0.0667,0.2537,0.0667,0.2537,5.7233,1.5451,9.7333,1.7991,13.5,2.474,23.1667,3.4848,0.0,0.0,4.17,3.4637,93.3
closures,greedy_schedule,30,0.6447,0.1171,0.0333,0.1826,0.0667,0.2537,5.7233,1.5451,9.5333,1.8705,13.2,2.5784,18.5333,3.082,0.0,0.0,2.2833,0.5032,93.3
closures,restart,30,0.908,0.12,0.0667,0.2537,0.0667,0.2537,5.7233,1.5451,14.3333,3.7905,18.0,4.5486,23.0333,3.2851,0.0,0.0,5.4433,3.5295,93.3
closures,static,30,0.7117,0.1187,2.9667,1.2994,0.0667,0.2537,5.7233,1.5451,6.0,0.0,7.0,0.0,0.0,0.0,0.0247,0.0939,2.22,1.5178,93.3
strikes,full,30,0.7763,0.1474,2.4333,1.8511,1.3,0.7022,8.2133,1.3982,11.9333,3.6097,15.4,4.4613,34.1333,12.9741,0.0,0.0,6.4033,6.9537,6.7
strikes,greedy_order,30,0.7483,0.1383,2.5667,1.4065,1.3667,0.5561,8.2133,1.3982,13.1667,5.3697,16.9333,6.5755,31.7333,8.7136,0.1983,1.0863,6.7733,6.9335,3.3
strikes,greedy_schedule,30,0.541,0.1007,1.8,1.1265,1.3667,0.6687,7.9733,1.2351,10.5333,2.0466,13.7,2.6929,24.4333,4.8472,0.0,0.0,2.88,0.821,6.7
strikes,restart,30,0.7434,0.1574,2.8,1.6897,1.4,0.6215,8.1533,1.3416,14.3333,6.2053,18.0,7.4464,28.3,2.5884,0.1497,0.8198,6.99,7.265,3.3
strikes,static,30,0.6614,0.1676,3.9333,2.2884,1.5,0.5724,8.1133,1.3302,6.0,0.0,7.0,0.0,0.0,0.0,0.613,1.9536,2.8767,3.4212,70.0
budget_cut,full,30,0.97,0.0763,0.2667,0.7849,0.1333,0.3457,5.0733,1.3516,11.6,1.6103,16.2333,2.1284,18.7667,2.8367,0.052,0.2848,3.7967,3.0024,96.7
budget_cut,greedy_order,30,0.9689,0.0807,0.2667,0.7849,0.1333,0.3457,5.0733,1.3516,11.6667,1.583,16.3333,2.0899,18.9,2.9868,0.052,0.2848,3.9067,3.2943,96.7
budget_cut,greedy_schedule,30,0.6928,0.1002,0.1667,0.4611,0.1333,0.3457,5.0733,1.3516,11.2667,1.5298,15.7667,2.0625,15.2,2.4969,0.0,0.0,2.35,0.5661,100.0
budget_cut,restart,30,0.9774,0.083,0.2667,0.7849,0.1333,0.3457,5.0733,1.3516,15.3333,3.0324,20.0,3.6389,19.0667,3.0731,0.052,0.2848,4.5567,3.1024,96.7
budget_cut,static,30,0.7327,0.1093,0.7333,0.9803,0.1333,0.3457,5.0733,1.3516,7.0,0.0,9.0,0.0,0.0,0.0,23.5563,10.592,1.9667,1.3327,0.0
scale_3,full,30,0.8364,0.1794,0.4333,1.04,0.1667,0.379,1.99,0.8825,8.0,1.4856,10.8,1.9191,13.1667,1.6833,0.0,0.0,2.4667,2.6284,83.3
scale_3,greedy_order,30,0.8431,0.1726,0.4667,1.0743,0.1667,0.379,1.99,0.8825,7.8667,1.6554,10.6,2.1909,12.9667,2.2664,0.0,0.0,2.2233,2.3077,83.3
scale_3,greedy_schedule,30,0.5056,0.1234,0.1333,0.3457,0.1667,0.379,1.99,0.8825,7.4667,1.5698,10.0,2.0342,9.3667,1.8286,0.0,0.0,1.15,0.2838,83.3
scale_3,restart,30,0.8364,0.1794,0.4333,1.04,0.1667,0.379,1.99,0.8825,10.0,2.4212,12.8,2.9054,13.1667,1.6833,0.0,0.0,2.7,2.6373,83.3
scale_3,static,30,0.7692,0.2168,1.7,1.579,0.2,0.4068,1.9833,0.8855,6.0,0.0,7.0,0.0,0.0,0.0,0.0,0.0,1.8067,2.2709,100.0
scale_5,full,30,0.9043,0.1323,0.4,1.07,0.1333,0.3457,4.58,0.5623,7.7667,1.278,10.5,1.6764,19.0,3.0962,0.0,0.0,2.73,2.2993,86.7
scale_5,greedy_order,30,0.8866,0.1309,0.4,1.07,0.1333,0.3457,4.58,0.5623,7.8667,1.1666,10.6667,1.5162,18.7333,2.6901,0.0,0.0,2.22,1.5769,86.7
scale_5,greedy_schedule,30,0.6049,0.1011,0.1,0.3051,0.1333,0.3457,4.58,0.5623,7.4667,1.4794,10.0667,1.9989,14.4667,1.925,0.0,0.0,1.5,0.3714,86.7
scale_5,restart,30,0.9043,0.1323,0.4,1.07,0.1333,0.3457,4.58,0.5623,9.6667,2.2489,12.4,2.6987,19.0,3.0962,0.0,0.0,3.0433,2.3148,86.7
scale_5,static,30,0.8465,0.1481,1.4667,1.3578,0.1333,0.3457,4.58,0.5623,6.0,0.0,7.0,0.0,0.0,0.0,0.0003,0.0018,1.86,1.3776,96.7
scale_8,full,30,0.9584,0.0732,0.3333,0.8023,0.1667,0.379,6.56,1.0156,8.9,1.5166,11.9667,1.9737,32.3,4.1369,0.0,0.0,3.1067,0.7922,83.3
scale_8,greedy_order,30,0.9584,0.0732,0.3333,0.8023,0.1667,0.379,6.56,1.0156,8.9,1.5166,11.9667,1.9737,32.3,4.1369,0.0,0.0,3.1133,0.7995,83.3
scale_8,greedy_schedule,30,0.6764,0.1273,0.1,0.3051,0.1667,0.379,7.0533,1.6113,11.2667,5.4957,14.8,6.6509,32.2667,13.209,0.3867,2.1179,3.42,2.0114,70.0
scale_8,restart,30,0.9584,0.0732,0.3333,0.8023,0.1667,0.379,6.56,1.0156,12.1667,4.2918,15.4,5.1502,32.3667,4.1976,0.0,0.0,3.9433,1.2269,83.3
scale_8,static,30,0.7816,0.1883,2.1333,1.6554,0.2667,0.4498,6.54,0.9968,6.0,0.0,7.0,0.0,0.0,0.0,2.1647,4.2184,1.8433,0.5581,73.3
scale_12,full,30,0.8936,0.1205,0.7,1.3429,0.2667,0.5208,12.05,1.1892,12.9333,4.0932,17.2,5.2286,58.0,13.0516,0.0,0.0,10.3267,4.3865,76.7
scale_12,greedy_order,30,0.9185,0.0867,0.5,1.0422,0.2333,0.504,12.22,1.1463,12.9,4.2374,17.1333,5.3546,57.9667,13.8227,0.0,0.0,13.98,12.5166,80.0
scale_12,greedy_schedule,30,0.6734,0.0987,0.2,0.4842,0.2,0.4068,11.7467,1.1359,12.2,3.9688,16.1667,5.0452,48.7667,12.2297,0.0,0.0,6.6633,2.4785,80.0
scale_12,restart,30,0.8018,0.1981,0.6333,1.2726,0.2667,0.5208,12.6867,1.3416,16.5,5.4694,20.6,6.5632,49.3333,9.4989,1.318,3.7528,11.9033,4.619,36.7
scale_12,static,30,0.6978,0.1922,3.5667,2.8489,0.3,0.535,12.6733,1.3409,6.0,0.0,7.0,0.0,0.0,0.0,1.907,4.1808,4.55,2.3805,43.3
